"__aggregated_formatted_entities_path::transactionid","_objectid","data","_transactionid","_v1::transactionid","date","time","_type","_indexid","_ts","_remember_id","_persist_id","_datapoint","_ttl","_queryindex","dt"
"71092b65-6df7-497a-9d23-2ddf310c29a3","5f15d6a25de54e83daa2bad3","S3://hw-app-caliber-training/aiva/SI/2020:07:07:20:36:43:AYtpDf/FormattedEntities/71092b65-6df7-497a-9d23-2ddf310c29a3.json","71092b65-6df7-497a-9d23-2ddf310c29a3","71092b65-6df7-497a-9d23-2ddf310c29a3","2020/07/20","17:38:42","_aggregated_formatted_entities_path","5f15d6a269854d21da852c4c","1595266722586","71092b65-6df7-497a-9d23-2ddf310c29a3","5f15d6a25de54e83daa2bad3","_aggregated_formatted_entities_path","1752946722","TransactionId::71092b65-6df7-497a-9d23-2ddf310c29a3","2020-07-20"
"ac6097a3-2c38-4629-81bb-bfb83384a231","5f0f1ebf319c28d2d36e35a1","S3://hw-app-caliber-training/aiva/SI/2020:07:15:15:01:28:avUpVF/FormattedEntities/ac6097a3-2c38-4629-81bb-bfb83384a231.json","ac6097a3-2c38-4629-81bb-bfb83384a231","ac6097a3-2c38-4629-81bb-bfb83384a231","2020/07/15","15:20:31","_aggregated_formatted_entities_path","5f0f1ebf8270f108d76c7d6e","1594826431706","ac6097a3-2c38-4629-81bb-bfb83384a231","5f0f1ebf319c28d2d36e35a1","_aggregated_formatted_entities_path","1752506431","V1::TransactionId::ac6097a3-2c38-4629-81bb-bfb83384a231","2020-07-15"
"36025ebc-ae76-4e30-90e8-9e42636deff4","5f0f1e62d55c654778060cf1","S3://hw-app-caliber-training/aiva/SI/2020:07:15:14:55:00:1rGfN9/FormattedEntities/36025ebc-ae76-4e30-90e8-9e42636deff4.json","36025ebc-ae76-4e30-90e8-9e42636deff4","36025ebc-ae76-4e30-90e8-9e42636deff4","2020/07/15","15:18:58","_aggregated_formatted_entities_path","5f0f1e62256e25c88045ecc6","1594826338815","36025ebc-ae76-4e30-90e8-9e42636deff4","5f0f1e62d55c654778060cf1","_aggregated_formatted_entities_path","1752506338","_aggregated_formatted_entities_path::TransactionId::36025ebc-ae76-4e30-90e8-9e42636deff4","2020-07-15"
"fce701ac-61c2-4c09-87cb-e0a25b3ede28","5f0cb62b5bd4d342d6746473","S3://hw-app-caliber-training/aiva/SI/2020:07:13:19:08:28:bahzIZ/FormattedEntities/fce701ac-61c2-4c09-87cb-e0a25b3ede28.json","fce701ac-61c2-4c09-87cb-e0a25b3ede28","fce701ac-61c2-4c09-87cb-e0a25b3ede28","2020/07/13","19:29:47","_aggregated_formatted_entities_path","5f0cb62b68fc68d87d4dd218","1594668587910","fce701ac-61c2-4c09-87cb-e0a25b3ede28","5f0cb62b5bd4d342d6746473","_aggregated_formatted_entities_path","1752348587","_aggregated_formatted_entities_path::TransactionId::fce701ac-61c2-4c09-87cb-e0a25b3ede28","2020-07-13"
"37ccf77e-59c7-4c8a-8330-d7f011d86768","5f0cb642f7b9abdbd2a0e963","S3://hw-app-caliber-training/aiva/SI/2020:07:13:19:09:20:IxCHkN/FormattedEntities/37ccf77e-59c7-4c8a-8330-d7f011d86768.json","37ccf77e-59c7-4c8a-8330-d7f011d86768","37ccf77e-59c7-4c8a-8330-d7f011d86768","2020/07/13","19:30:10","_aggregated_formatted_entities_path","5f0cb6426d5df58c947e8773","1594668610297","37ccf77e-59c7-4c8a-8330-d7f011d86768","5f0cb642f7b9abdbd2a0e963","_aggregated_formatted_entities_path","1752348610","_aggregated_formatted_entities_path::TransactionId::37ccf77e-59c7-4c8a-8330-d7f011d86768","2020-07-13"
"f2c5cb53-d2e2-499b-97c7-d3d6e98d2657","5f0cb55e1d93ac53ab681034","S3://hw-app-caliber-training/aiva/SI/2020:07:13:18:53:44:8lUjDe/FormattedEntities/f2c5cb53-d2e2-499b-97c7-d3d6e98d2657.json","f2c5cb53-d2e2-499b-97c7-d3d6e98d2657","f2c5cb53-d2e2-499b-97c7-d3d6e98d2657","2020/07/13","19:26:22","_aggregated_formatted_entities_path","5f0cb55ee3f5731787db54a7","1594668382597","f2c5cb53-d2e2-499b-97c7-d3d6e98d2657","5f0cb55e1d93ac53ab681034","_aggregated_formatted_entities_path","1752348382","_aggregated_formatted_entities_path::TransactionId::f2c5cb53-d2e2-499b-97c7-d3d6e98d2657","2020-07-13"
"f45e0b67-9d3e-45d1-be7e-9ff512f6f322","5f197a13e333b2caade2f10b","S3://hw-app-caliber-training/aiva/SI/2020:07:19:23:57:39:SvyqOQ/FormattedEntities/f45e0b67-9d3e-45d1-be7e-9ff512f6f322.json","f45e0b67-9d3e-45d1-be7e-9ff512f6f322","f45e0b67-9d3e-45d1-be7e-9ff512f6f322","2020/07/23","11:52:51","_aggregated_formatted_entities_path","5f197a13abbd5f03c69b06c9","1595505171337","f45e0b67-9d3e-45d1-be7e-9ff512f6f322","5f197a13e333b2caade2f10b","_aggregated_formatted_entities_path","1753185171","TransactionId::f45e0b67-9d3e-45d1-be7e-9ff512f6f322","2020-07-23"
"aa9f1e70-1046-4b43-ab59-5904cf1e9aa5","5f197bea03703dff26564d1e","S3://hw-app-caliber-training/aiva/SI/2020:07:19:23:58:04:u6WdmS/FormattedEntities/aa9f1e70-1046-4b43-ab59-5904cf1e9aa5.json","aa9f1e70-1046-4b43-ab59-5904cf1e9aa5","aa9f1e70-1046-4b43-ab59-5904cf1e9aa5","2020/07/23","12:00:42","_aggregated_formatted_entities_path","5f197bea616418de41409530","1595505642988","aa9f1e70-1046-4b43-ab59-5904cf1e9aa5","5f197bea03703dff26564d1e","_aggregated_formatted_entities_path","1753185642","_aggregated_formatted_entities_path::TransactionId::aa9f1e70-1046-4b43-ab59-5904cf1e9aa5","2020-07-23"
"ea7e6eb4-97d1-43fe-ad94-b9a403c93c45","5f1971a2075591dab43e87b8","S3://hw-app-caliber-training/aiva/SI/2020:07:19:23:54:13:KKHwac/FormattedEntities/ea7e6eb4-97d1-43fe-ad94-b9a403c93c45.json","ea7e6eb4-97d1-43fe-ad94-b9a403c93c45","ea7e6eb4-97d1-43fe-ad94-b9a403c93c45","2020/07/23","11:16:50","_aggregated_formatted_entities_path","5f1971a2bbc304930718917d","1595503010516","ea7e6eb4-97d1-43fe-ad94-b9a403c93c45","5f1971a2075591dab43e87b8","_aggregated_formatted_entities_path","1753183010","_aggregated_formatted_entities_path::TransactionId::ea7e6eb4-97d1-43fe-ad94-b9a403c93c45","2020-07-23"
"f4ccdfb0-6d72-4aa9-ae23-0b1c884fa883","5f19783ad64a405618003ac0","S3://hw-app-caliber-training/aiva/SI/2020:07:19:23:57:14:vVHcdf/FormattedEntities/f4ccdfb0-6d72-4aa9-ae23-0b1c884fa883.json","f4ccdfb0-6d72-4aa9-ae23-0b1c884fa883","f4ccdfb0-6d72-4aa9-ae23-0b1c884fa883","2020/07/23","11:44:58","_aggregated_formatted_entities_path","5f19783acdaa8d078d1a291e","1595504698926","f4ccdfb0-6d72-4aa9-ae23-0b1c884fa883","5f19783ad64a405618003ac0","_aggregated_formatted_entities_path","1753184698","V1::TransactionId::f4ccdfb0-6d72-4aa9-ae23-0b1c884fa883","2020-07-23"
